perc,test_r,test_br,test_e,test_be,diff_r,diff_e,sum_diff
90.0,0.8786805078929307,0.8664802104781515,0.8530576923076924,0.8574294871794871,0.012200297414779238,-0.004371794871794732,0.007828502542984506
88.0,0.8811032077064402,0.8667597696012711,0.8411888532477947,0.863236768243785,0.014343438105169137,-0.022047914995990348,-0.00770447689082121
86.0,0.8797246635880629,0.8660546700431997,0.8506164795509223,0.8645699679230152,0.013669993544863202,-0.01395348837209287,-0.0002834948272296689
84.0,0.8609486102133161,0.8815562378797672,0.8389945355191257,0.8410327868852459,-0.020607627666451078,-0.002038251366120125,-0.022645879032571203
82.0,0.8697680995475112,0.872904007756949,0.8433743169398905,0.839879781420765,-0.0031359082094377655,0.0034945355191254857,0.00035862730968772016
