perc,test_r,test_br,test_e,test_be,diff_r,diff_e,sum_diff
90.0,0.5057315092453774,0.5845577211394303,0.7311398678414096,0.5287995594713657,-0.07882621189405292,0.2023403083700439,0.12351409647599099
88.0,0.5030223285486443,0.5660207336523125,0.654069018799897,0.5480234354880247,-0.06299840510366828,0.1060455833118723,0.04304717820820403
86.0,0.516084529505582,0.5641467304625201,0.6715683749678084,0.570190574298223,-0.04806220095693803,0.10137780066958546,0.05331559971264743
84.0,0.5027272727272727,0.5635885167464114,0.6454030388874581,0.5582989956219417,-0.06086124401913873,0.08710404326551635,0.026242799246377624
82.0,0.5025518341307815,0.5622966507177034,0.6544295647695081,0.5436196240020603,-0.05974481658692188,0.11080994076744777,0.05106512418052589
