perc,test_r,test_br,test_e,test_be,diff_r,diff_e,sum_diff
90.0,0.6235581563706564,0.8071086711711712,0.8845147033826279,0.8538132472094736,-0.18355051480051487,0.03070145617315434,-0.15284905862736053
88.0,0.6102980212355212,0.816194095881596,0.8662417134115248,0.8736670632897049,-0.20589607464607473,-0.00742534987818011,-0.21332142452425484
86.0,0.6034600319164369,0.8233812079887809,0.8468394886363637,0.8396484375,-0.21992117607234396,0.0071910511363637575,-0.2127301249359802
84.0,0.6025508970453116,0.8270878669181293,0.8490944602272726,0.8521484375,-0.22453696987281768,-0.0030539772727273817,-0.22759094714554506
82.0,0.601230717152667,0.8147129938585037,0.8382546164772726,0.8553089488636362,-0.21348227670583675,-0.017054332386363558,-0.2305366090922003
