perc,test_r,test_br,test_e,test_be,diff_r,diff_e,sum_diff
90.0,0.6182653635778637,0.8209399131274132,0.8687999320074791,0.865434302226755,-0.20267454954954955,0.0033656297807240776,-0.19930891976882548
88.0,0.6208695302445302,0.8065697393822395,0.8888463935633748,0.8584877330160351,-0.18570020913770935,0.03035866054733971,-0.15534154859036964
86.0,0.6127883359930364,0.8024783596885732,0.8476384943181818,0.8418590198863637,-0.18969002369553678,0.0057794744318181435,-0.18391054926371864
84.0,0.6139852023792253,0.8085932588616471,0.8301225142045455,0.8442116477272726,-0.19460805648242185,-0.014089133522727115,-0.20869719000514897
82.0,0.6165917113980367,0.8038880023211954,0.8356090198863635,0.8345525568181819,-0.1872962909231587,0.0010564630681816345,-0.18623982785497706
