perc,test_r,test_br,test_e,test_be,diff_r,diff_e,sum_diff
90.0,0.5213205897051475,0.5875031234382808,0.773568281938326,0.5113986784140969,-0.06618253373313332,0.26216960352422913,0.1959870697910958
88.0,0.5137001594896331,0.5771371610845295,0.6928019572495493,0.5424864795261395,-0.0634370015948964,0.1503154777234098,0.0868784761285134
86.0,0.5126156299840511,0.576786283891547,0.6768928663404583,0.5379345866597991,-0.06417065390749588,0.1389582796806592,0.07478762577316334
84.0,0.5087719298245614,0.5757017543859649,0.6849858356940509,0.5466070048931239,-0.0669298245614035,0.13837883080092706,0.07144900623952355
82.0,0.5156060606060606,0.5772567783094099,0.688681431882565,0.5440445531805305,-0.06165071770334929,0.14463687870203457,0.08298616099868528
