perc,test_r,test_br,test_e,test_be,diff_r,diff_e,sum_diff
90.0,0.8670670327156257,0.8480616563715397,0.8569038461538462,0.8624038461538459,0.019005376344085945,-0.005499999999999727,0.013505376344086217
88.0,0.8778104672525944,0.8511327523710215,0.8600491178829189,0.8659532878909382,0.02667771488157289,-0.005904170008019238,0.02077354487355365
86.0,0.8758404091563634,0.8559908634986841,0.8519496792301524,0.8664695268644748,0.01984954565767927,-0.014519847634322347,0.005329698023356921
84.0,0.8377052359405301,0.8696178086619261,0.8387486338797814,0.8382677595628415,-0.031912572721395915,0.00048087431693988325,-0.03143169840445603
82.0,0.849106334841629,0.8704436005171299,0.8396284153005464,0.84051912568306,-0.02133726567550087,-0.0008907103825135376,-0.02222797605801441
